{
  "1": {
    "0.5": 0.6585365853658537,
    "0.55": 0.5508771929824562,
    "0.6": 0.4373983739837398,
    "0.65": 0.3313253012048193,
    "0.7": 0.24157303370786518,
    "0.75": 0.1631578947368421,
    "0.8": 0.10776942355889724,
    "0.85": 0.05489260143198091,
    "0.8999999999999999": 0.014925373134328358,
    "0.95": 0
  },
  "2": {
    "0.5": 0.891358024691358,
    "0.55": 0.8457831325301205,
    "0.6": 0.7813953488372093,
    "0.65": 0.7174887892376681,
    "0.7": 0.6263269639065817,
    "0.75": 0.49609375,
    "0.8": 0.3605683836589698,
    "0.85": 0.2062992125984252,
    "0.8999999999999999": 0.08345120226308345,
    "0.95": 0.011889035667107
  },
  "3": {
    "0.5": 0.845108695652174,
    "0.55": 0.8058510638297872,
    "0.6": 0.727735368956743,
    "0.65": 0.6642156862745098,
    "0.7": 0.5938967136150235,
    "0.75": 0.4988962472406181,
    "0.8": 0.33925049309664695,
    "0.85": 0.20818505338078291,
    "0.8999999999999999": 0.07436708860759493,
    "0.95": 0.014947683109118086
  },
  "4": {
    "0.5": 0.7810858143607706,
    "0.55": 0.7092436974789916,
    "0.6": 0.6246006389776357,
    "0.65": 0.5156482861400894,
    "0.7": 0.4144645340751043,
    "0.75": 0.2906091370558376,
    "0.8": 0.18118466898954705,
    "0.85": 0.0761904761904762,
    "0.8999999999999999": 0.026236125126135216,
    "0.95": 0
  },
  "6": {
    "0.5": 0.7046004842615012,
    "0.55": 0.6410256410256411,
    "0.6": 0.537117903930131,
    "0.65": 0.4251012145748988,
    "0.7": 0.29411764705882354,
    "0.75": 0.2054794520547945,
    "0.8": 0.13183279742765272,
    "0.85": 0.0764525993883792,
    "0.8999999999999999": 0.020289855072463767,
    "0.95": 0.002849002849002849
  },
  "7": {
    "0.5": 0.7568306010928961,
    "0.55": 0.7331536388140162,
    "0.6": 0.6876640419947506,
    "0.65": 0.6237373737373737,
    "0.7": 0.5493975903614458,
    "0.75": 0.4449438202247191,
    "0.8": 0.35368421052631577,
    "0.85": 0.20186915887850468,
    "0.8999999999999999": 0.07166666666666667,
    "0.95": 0.009419152276295133
  },
  "8": {
    "0.5": 0.7868852459016393,
    "0.55": 0.7393617021276596,
    "0.6": 0.689922480620155,
    "0.65": 0.635,
    "0.7": 0.5352112676056338,
    "0.75": 0.43736263736263736,
    "0.8": 0.3158953722334004,
    "0.85": 0.16370106761565836,
    "0.8999999999999999": 0.059967585089141004,
    "0.95": 0.007704160246533128
  },
  "9": {
    "0.5": 0.7981220657276995,
    "0.55": 0.7568807339449541,
    "0.6": 0.6835164835164835,
    "0.65": 0.6160337552742616,
    "0.7": 0.5078740157480315,
    "0.75": 0.38768115942028986,
    "0.8": 0.25573770491803277,
    "0.85": 0.12979351032448377,
    "0.8999999999999999": 0.037940379403794036,
    "0.95": 0.00130718954248366
  },
  "10": {
    "0.5": 0.6382252559726962,
    "0.55": 0.5789473684210527,
    "0.6": 0.5094339622641509,
    "0.65": 0.39941690962099125,
    "0.7": 0.3333333333333333,
    "0.75": 0.23076923076923078,
    "0.8": 0.14558472553699284,
    "0.85": 0.05032822757111598,
    "0.8999999999999999": 0.010526315789473684,
    "0.95": 0
  }
}